ROOFING PRICE LIST,,,,,,,,,,,,,,,,,
"as of Jan. 27 ,2026 ",,,,,,,,,,,,,,,,,
LONG SPAN,WSP, SRP ,CORRUGATED - RED/GRN,WSP, SRP ,,,,,,,,,,,,
RED/GRN/BLU 12 - 5 grooves,ECO, 820 ,RED 12,COY, 600 ,,,,,,,,,,,,
RED/GRN/BLU 10 - 5 grooves,KCY, 680 ,RED/GREEN  10,CYS, 500 ,,,,,,,,,,,,
RED/GRN/BLU 8 - 5 grooves,CIU, 545 ,RED 8,IUY, 400 ,,,,,,,,,,,,
,,,,,,,,,,,,,,,,,
RIB TYPE SPECIAL CUT .4,KP/FT, 67/FT ,STEEL DECK .8MM,,,,,,,,,,,,,,
RIB TYPE SPECIAL CUT .5,QYU/FT, 112/FT ,STEEL DECK 1.0MM,,,,,,,,,,,,,,
,,,STEEL DECK 1.2MM,,,,,,,,,,,,,,
CORRUGATED MAKAPAL,WSP, SRP ,CORRUGATED MANIPIS,WSP, SRP ,,,,,,,,,,,,
12,CKE, 560 ,12 (apo panda),IPU, 470 ,,,,,,,,,,,,
10,IOY, 470 ,10 (apo panda),IQY, 390 ,,,,,,,,,,,,
8,IYC, 380 ,8  (apo panda),UCO, 315 ,,,,,,,,,,,,
,WSP, SRP ,"PLASTIC SHEET 8""",WSP, SRP ,,,,,,,,,,,,
PLASTIC SHEET WHT (makitid), UCY , 320 ,WHITE,IQY, 390 ,,,,,,,,,,,,
,,,GREEN,IQY, 390 ,,,,,,,,,,,,
,,,BLUE,IEY, 420 ,,,,,,,,,,,,
PLAIN SHEET (pang GATE),WSP, SRP ,FIBER GLASS, , SRP ,,,,,,,,,,,,
GI 4X8X(1.00mm) , OUQ ," 1,120 ",12,KUO, 580 ,,,,,,,,,,,,
GI 4X8X(1.20mm) G 18, QYCE ," 1,350 ",10,CYS, 480 ,,,,,,,,,,,,
GI 4x8x (1.40MM) G-16, QUEP ," 1,580 ",8,IUY, 410 ,,,,,,,,,,,,
PLAIN SHEET (G.24) MAKAPAL,WSP, SRP ,PLAIN SHEET (G.26) MANIPIS,WSP, SRP ,,,,,,,,,,,,
3X8X24 GI,UOC, 330 ,3X8X26, QXE , 270 ,,,,,,,,,,,,
4X8X24 GI,IXY, 450 ,4X8X26, IYS , 390 ,,,,,,,,,,,,
3X8X24 RED/GRN/BLU,IUC, 390 ,,,,,,,,,,,,,,,
4X8X24 RED/GRN/BLU,CIE, 550 ,,,,,,,,,,,,,,,
GUTTER,WSP, SRP ,COLORED GUTTER,WSP, SRP ,,,,,,,,,,,,
GUTTER 8X24 MAKAPAL, QPY , 250 ,BOX TYPE GUTTER RED/GRN,QXY, 280 ,,,,,,,,,,,,
"SPANISH GUTTER STAINLESS 304 16"" (MIRROR)",OPY, 980 ,SPANISH GUTTER RED/GRN,UYS, 270 ,,,,,,,,,,,,
BOX TYPE STAINLESS GUTTER 304 ( MIRROR ),PKY, 850 ,STAINLESS GUTTER ORD,IUY, 390 ,,,,,,,,,,,,
FLASHING 8X24 MAKAPAL,QPY, 250 ,FLASHING RED/GRN/BLU, QOY , 280 ,,,,,,,,,,,,
RIDGE ROLL 8X24 MAKAPAL,QPY, 250 ,RIDGEROLL RED/GRN/BLU,UYS, 280 ,,,,,,,,,,,,
,,,,,,,,,,,,,,,,,
INSULATION FOAM (per Roll) - 50M,,,,,,,,,,,,,,,,,
SINGLE 5MM (manipis),QUIU," 1,750 ",DOUBLE 5MM (manipis),QXYS," 2,400 ",,,,,,,,,,,,
SINGLE 10MM (makapal),UYOY," 2,580 ",DOUBLE 10MM (makapal),UKQO," 3,050 ",,,,,,,,,,,,
INSULATION FOAM (per meter) ,,,,,,,,,,,,,,,,,
SINGLE 5MM (manipis),UK, 50 ,DOUBLE 5MM (manipis),IX, 70 ,,,,,,,,,,,,
SINGLE 10MM (makapal),CI, 70 ,DOUBLE 10MM (makapal),KU, 80 ,,,,,,,,,,,,
,,,,,,,,,,,,,,,,,
POLYCARBONATE - BROWN,CKY, 550 ,POLYCARBONATE - BLUE/WHT, CKY , 550 ,,,,,,,,,,,,
,,,,,,,,,,,,,,,,,
,,,,,,,,,,,,,,,,,
,,,,,,,,,,,,,,,,,
per mtr,WSP, SRP ,,,,,,,,,,,,,,,
STEEL DECK .8MM,KYS, 620 ,,,,,,,,,,,,,,,
STEEL DECK 1.0MM,EYS, 720 ,,,,,,,,,,,,,,,
STEEL DECK 1.2MM,PCY, 860 ,,,,,,,,,,,,,,,
,,,,,,,,,,,,,,,,,
,,,,,,,,,,,,,,,,,
,,,,,,,,,,,,,,,,,
,,,,,,,,,,,,,,,,,
,,,,,,,,,,,,,,,,,
,,,,,,,,,,,,,,,,,
,,,,,,,,,,,,,,,,,
,,,,,,,,,,,,,,,,,
,,,,,,,,,,,,,,,,,
,,,,,,,,,,,,,,,,,
,,,,,,,,,,,,,,,,,
,,,,,,,,,,,,,,,,,
,,,,,,,,,,,,,,,,,
,,,,,,,,,,,,,,,,,
,,,,,,,,,,,,,,,,,
,,,,,,,,,,,,,,,,,
,,,,,,,,,,,,,,,,,
,,,,,,,,,,,,,,,,,
,,,,,,,,,,,,,,,,,
,,,,,,,,,,,,,,,,,
,,,,,,,,,,,,,,,,,
,,,,,,,,,,,,,,,,,
,,,,,,,,,,,,,,,,,
,,,,,,,,,,,,,,,,,
,,,,,,,,,,,,,,,,,
,,,,,,,,,,,,,,,,,
,,,,,,,,,,,,,,,,,
,,,,,,,,,,,,,,,,,
,,,,,,,,,,,,,,,,,
,,,,,,,,,,,,,,,,,
,,,,,,,,,,,,,,,,,
,,,,,,,,,,,,,,,,,
,,,,,,,,,,,,,,,,,
,,,,,,,,,,,,,,,,,
,,,,,,,,,,,,,,,,,
,,,,,,,,,,,,,,,,,
,,,,,,,,,,,,,,,,,
,,,,,,,,,,,,,,,,,
,,,,,,,,,,,,,,,,,
